fill_id,timestamp,order_id,client_id,side,quantity,price,capacity,venue,nbbo_bid,nbbo_ask
F-00001,2026-08-17T09:30:18.598,ORD-00001,CLIENT_A,SELL,100,244.81,PRINCIPAL,INTERNAL,244.80,244.83
F-00002,2026-08-17T09:30:30.896,ORD-00002,CLIENT_C,BUY,100,244.82,PRINCIPAL,INTERNAL,244.81,244.83
F-00003,2026-08-17T09:30:35.456,ORD-00002,CLIENT_C,BUY,400,244.80,PRINCIPAL,INTERNAL,244.78,244.81
F-00004,2026-08-17T09:30:42.364,ORD-00003,CLIENT_F,SELL,100,244.79,PRINCIPAL,INTERNAL,244.78,244.81
F-00005,2026-08-17T09:31:20.121,ORD-00004,CLIENT_E,BUY,100,244.85,PRINCIPAL,INTERNAL,244.84,244.86
F-00006,2026-08-17T09:31:50.431,ORD-00005,CLIENT_B,BUY,1500,244.96,PRINCIPAL,INTERNAL,244.95,244.97
F-00007,2026-08-17T09:32:13.765,ORD-00006,CLIENT_C,SELL,400,245.05,PRINCIPAL,INTERNAL,245.04,245.06
F-00008,2026-08-17T09:33:00.755,ORD-00007,CLIENT_D,BUY,2000,245.15,PRINCIPAL,INTERNAL,245.14,245.16
F-00009,2026-08-17T09:33:46.014,ORD-00010,CLIENT_E,SELL,500,245.06,PRINCIPAL,INTERNAL,245.05,245.07
F-00010,2026-08-17T09:34:42.540,ORD-00009,CLIENT_C,BUY,400,245.02,PRINCIPAL,INTERNAL,245.00,245.03
F-00011,2026-08-17T09:34:43.865,ORD-00012,CLIENT_E,BUY,200,245.01,PRINCIPAL,INTERNAL,245.00,245.02
F-00012,2026-08-17T09:35:10.973,ORD-00014,CLIENT_J,BUY,2400,244.92,PRINCIPAL,INTERNAL,244.91,244.93
F-00013,2026-08-17T09:35:10.973,ORD-00014,CLIENT_J,BUY,600,244.93,AGENCY,MARKET,244.91,244.93
F-00014,2026-08-17T09:35:23.802,ORD-00013,CLIENT_F,BUY,300,244.92,AGENCY,MARKET,244.90,244.92
F-00015,2026-08-17T09:36:33.611,ORD-00015,CLIENT_C,SELL,300,244.72,PRINCIPAL,INTERNAL,244.70,244.74
F-00016,2026-08-17T09:36:34.865,ORD-00016,CLIENT_A,SELL,700,244.70,PRINCIPAL,INTERNAL,244.68,244.72
F-00017,2026-08-17T09:37:01.326,ORD-00017,CLIENT_E,SELL,100,244.75,PRINCIPAL,INTERNAL,244.74,244.76
F-00018,2026-08-17T09:37:21.212,ORD-00019,CLIENT_D,BUY,700,244.82,PRINCIPAL,INTERNAL,244.80,244.84
F-00019,2026-08-17T09:37:28.928,ORD-00020,CLIENT_A,BUY,300,244.79,PRINCIPAL,INTERNAL,244.78,244.80
F-00020,2026-08-17T09:38:22.258,ORD-00022,CLIENT_B,SELL,200,244.77,PRINCIPAL,INTERNAL,244.76,244.78
F-00021,2026-08-17T09:38:32.634,ORD-00018,CLIENT_C,BUY,200,244.69,PRINCIPAL,INTERNAL,244.68,244.70
F-00022,2026-08-17T09:38:56.887,ORD-00024,CLIENT_J,SELL,200,244.68,PRINCIPAL,INTERNAL,244.67,244.69
F-00023,2026-08-17T09:41:28.701,ORD-00026,CLIENT_D,BUY,200,244.55,PRINCIPAL,INTERNAL,244.53,244.56
F-00024,2026-08-17T09:42:13.844,ORD-00027,CLIENT_C,BUY,100,244.61,PRINCIPAL,INTERNAL,244.59,244.62
F-00025,2026-08-17T09:42:13.844,ORD-00027,CLIENT_C,BUY,900,244.62,AGENCY,MARKET,244.59,244.62
F-00026,2026-08-17T09:42:22.161,ORD-00023,CLIENT_G,BUY,700,244.51,AGENCY,MARKET,244.48,244.51
F-00027,2026-08-17T09:42:24.788,ORD-00028,CLIENT_F,SELL,700,244.46,PRINCIPAL,INTERNAL,244.45,244.47
F-00028,2026-08-17T09:43:28.181,ORD-00029,CLIENT_F,SELL,100,244.53,PRINCIPAL,INTERNAL,244.52,244.55
F-00029,2026-08-17T09:44:09.098,ORD-00030,CLIENT_C,BUY,700,244.58,PRINCIPAL,INTERNAL,244.57,244.59
F-00030,2026-08-17T09:45:22.602,ORD-00032,CLIENT_B,SELL,100,244.56,PRINCIPAL,INTERNAL,244.56,244.57
F-00031,2026-08-17T09:46:07.436,ORD-00033,CLIENT_A,BUY,200,244.53,AGENCY,MARKET,244.52,244.53
F-00032,2026-08-17T09:46:13.091,ORD-00034,CLIENT_A,BUY,700,244.52,AGENCY,MARKET,244.51,244.52
F-00033,2026-08-17T09:46:48.870,ORD-00035,CLIENT_F,BUY,700,244.50,AGENCY,MARKET,244.49,244.50
F-00034,2026-08-17T09:46:53.859,ORD-00036,CLIENT_E,BUY,200,244.47,PRINCIPAL,INTERNAL,244.45,244.48
F-00035,2026-08-17T09:47:42.948,ORD-00037,CLIENT_F,SELL,500,244.46,PRINCIPAL,INTERNAL,244.45,244.47
F-00036,2026-08-17T09:47:58.258,ORD-00031,CLIENT_A,BUY,100,244.44,AGENCY,MARKET,244.43,244.44
F-00037,2026-08-17T09:48:27.344,ORD-00039,CLIENT_A,BUY,1000,244.42,PRINCIPAL,INTERNAL,244.41,244.43
F-00038,2026-08-17T09:48:30.166,ORD-00040,CLIENT_B,BUY,100,244.43,PRINCIPAL,INTERNAL,244.41,244.44
F-00039,2026-08-17T09:48:47.402,ORD-00038,CLIENT_B,BUY,5000,244.40,AGENCY,MARKET,244.39,244.40
F-00040,2026-08-17T09:48:57.828,ORD-00041,CLIENT_B,SELL,400,244.39,PRINCIPAL,INTERNAL,244.39,244.40
F-00041,2026-08-17T09:50:26.310,ORD-00043,CLIENT_A,BUY,2000,244.40,PRINCIPAL,INTERNAL,244.39,244.41
F-00042,2026-08-17T09:50:28.387,ORD-00044,CLIENT_A,BUY,1500,244.41,AGENCY,MARKET,244.40,244.41
F-00043,2026-08-17T09:50:42.733,ORD-00045,CLIENT_B,BUY,100,244.39,AGENCY,MARKET,244.38,244.39
F-00044,2026-08-17T09:50:53.991,ORD-00046,CLIENT_D,SELL,200,244.41,PRINCIPAL,INTERNAL,244.41,244.42
F-00045,2026-08-17T09:51:01.152,ORD-00047,CLIENT_I,BUY,1500,244.39,AGENCY,MARKET,244.38,244.39
F-00046,2026-08-17T09:51:31.988,ORD-00048,CLIENT_C,BUY,300,244.37,AGENCY,MARKET,244.36,244.37
F-00047,2026-08-17T09:52:39.294,ORD-00049,CLIENT_B,SELL,300,244.42,PRINCIPAL,INTERNAL,244.42,244.43
F-00048,2026-08-17T09:54:50.439,ORD-00051,CLIENT_B,SELL,100,244.30,PRINCIPAL,INTERNAL,244.29,244.31
F-00049,2026-08-17T09:55:42.432,ORD-00052,CLIENT_J,SELL,100,244.32,PRINCIPAL,INTERNAL,244.32,244.33
F-00050,2026-08-17T09:55:45.448,ORD-00053,CLIENT_D,SELL,3300,244.30,PRINCIPAL,INTERNAL,244.30,244.31
F-00051,2026-08-17T09:55:45.448,ORD-00053,CLIENT_D,SELL,1700,244.30,AGENCY,MARKET,244.30,244.31
F-00052,2026-08-17T09:57:51.446,ORD-00050,CLIENT_C,SELL,500,244.40,AGENCY,MARKET,244.40,244.41
F-00053,2026-08-17T09:58:48.901,ORD-00055,CLIENT_G,BUY,300,244.40,AGENCY,MARKET,244.39,244.40
F-00054,2026-08-17T09:59:03.540,ORD-00058,CLIENT_B,SELL,100,244.40,AGENCY,MARKET,244.40,244.41
F-00055,2026-08-17T09:59:30.481,ORD-00059,CLIENT_B,BUY,5000,244.35,PRINCIPAL,INTERNAL,244.34,244.36
F-00056,2026-08-17T09:59:42.094,ORD-00061,CLIENT_A,SELL,1500,244.41,PRINCIPAL,INTERNAL,244.41,244.42
F-00057,2026-08-17T09:59:42.255,ORD-00060,CLIENT_C,SELL,2500,244.42,PRINCIPAL,INTERNAL,244.41,244.43
F-00058,2026-08-17T10:00:19.512,ORD-00054,CLIENT_C,BUY,100,244.32,AGENCY,CROSS,244.32,244.34
F-00059,2026-08-17T10:00:19.512,ORD-00062,CLIENT_D,SELL,100,244.32,AGENCY,CROSS,244.32,244.34
F-00060,2026-08-17T10:00:19.512,ORD-00062,CLIENT_D,SELL,1900,244.33,PRINCIPAL,INTERNAL,244.32,244.34
F-00061,2026-08-17T10:01:22.240,ORD-00063,CLIENT_E,BUY,1900,244.28,PRINCIPAL,INTERNAL,244.27,244.28
F-00062,2026-08-17T10:01:22.240,ORD-00063,CLIENT_E,BUY,1100,244.28,AGENCY,MARKET,244.27,244.28
F-00063,2026-08-17T10:03:01.634,ORD-00064,CLIENT_D,SELL,300,244.26,AGENCY,MARKET,244.26,244.27
F-00064,2026-08-17T10:03:18.711,ORD-00042,CLIENT_H,BUY,2000,244.24,PRINCIPAL,INTERNAL,244.23,244.25
F-00065,2026-08-17T10:03:49.694,ORD-00065,CLIENT_B,BUY,200,244.28,AGENCY,MARKET,244.27,244.28
F-00066,2026-08-17T10:04:20.550,ORD-00066,CLIENT_F,SELL,300,244.34,PRINCIPAL,INTERNAL,244.34,244.35
F-00067,2026-08-17T10:05:16.900,ORD-00067,CLIENT_B,SELL,200,244.36,PRINCIPAL,INTERNAL,244.36,244.37
F-00068,2026-08-17T10:06:20.660,ORD-00068,CLIENT_B,SELL,1500,244.40,PRINCIPAL,INTERNAL,244.40,244.41
F-00069,2026-08-17T10:06:20.660,ORD-00068,CLIENT_B,SELL,3500,244.40,AGENCY,MARKET,244.40,244.41
F-00070,2026-08-17T10:06:23.196,ORD-00060,CLIENT_C,SELL,2500,244.42,AGENCY,MARKET,244.42,244.43
F-00071,2026-08-17T10:06:50.166,ORD-00069,CLIENT_G,SELL,100,244.43,AGENCY,MARKET,244.43,244.44
F-00072,2026-08-17T10:07:16.826,ORD-00070,CLIENT_H,BUY,100,244.40,AGENCY,MARKET,244.39,244.40
F-00073,2026-08-17T10:07:25.055,ORD-00071,CLIENT_E,SELL,5000,244.39,AGENCY,MARKET,244.39,244.40
F-00074,2026-08-17T10:07:43.928,ORD-00056,CLIENT_B,SELL,700,244.44,AGENCY,MARKET,244.44,244.45
F-00075,2026-08-17T10:10:25.415,ORD-00072,CLIENT_C,SELL,500,244.47,PRINCIPAL,INTERNAL,244.46,244.48
F-00076,2026-08-17T10:12:57.868,ORD-00073,CLIENT_D,SELL,100,244.34,AGENCY,MARKET,244.34,244.35
F-00077,2026-08-17T10:14:18.755,ORD-00075,CLIENT_H,SELL,100,244.30,AGENCY,MARKET,244.30,244.31
F-00078,2026-08-17T10:15:14.451,ORD-00076,CLIENT_C,SELL,2000,244.35,AGENCY,MARKET,244.35,244.36
F-00079,2026-08-17T10:17:41.938,ORD-00077,CLIENT_I,BUY,500,244.42,PRINCIPAL,INTERNAL,244.41,244.42
F-00080,2026-08-17T10:17:41.938,ORD-00077,CLIENT_I,BUY,500,244.42,AGENCY,MARKET,244.41,244.42
F-00081,2026-08-17T10:21:53.983,ORD-00081,CLIENT_F,BUY,100,244.41,AGENCY,MARKET,244.40,244.41
F-00082,2026-08-17T10:24:34.853,ORD-00084,CLIENT_A,BUY,3000,244.34,AGENCY,MARKET,244.33,244.34
F-00083,2026-08-17T10:25:14.201,ORD-00085,CLIENT_E,BUY,2000,244.33,AGENCY,MARKET,244.32,244.33
F-00084,2026-08-17T10:25:36.639,ORD-00078,CLIENT_E,BUY,400,244.28,AGENCY,MARKET,244.27,244.28
F-00085,2026-08-17T10:26:28.587,ORD-00086,CLIENT_H,BUY,500,244.30,PRINCIPAL,INTERNAL,244.29,244.31
F-00086,2026-08-17T10:28:01.041,ORD-00087,CLIENT_B,BUY,3000,244.21,PRINCIPAL,INTERNAL,244.20,244.22
F-00087,2026-08-17T10:30:20.557,ORD-00088,CLIENT_E,BUY,500,244.27,PRINCIPAL,INTERNAL,244.25,244.28
F-00088,2026-08-17T10:30:24.014,ORD-00089,CLIENT_E,SELL,500,244.26,PRINCIPAL,INTERNAL,244.25,244.27
F-00089,2026-08-17T10:30:40.314,ORD-00090,CLIENT_A,BUY,700,244.28,AGENCY,MARKET,244.27,244.28
F-00090,2026-08-17T10:30:47.925,ORD-00091,CLIENT_H,BUY,200,244.29,PRINCIPAL,INTERNAL,244.28,244.30
F-00091,2026-08-17T10:33:05.608,ORD-00092,CLIENT_F,SELL,1000,244.36,PRINCIPAL,INTERNAL,244.35,244.37
F-00092,2026-08-17T10:35:02.468,ORD-00093,CLIENT_C,BUY,1000,244.31,PRINCIPAL,INTERNAL,244.30,244.32
F-00093,2026-08-17T10:37:49.082,ORD-00094,CLIENT_E,SELL,100,244.20,PRINCIPAL,INTERNAL,244.20,244.21
F-00094,2026-08-17T10:38:55.969,ORD-00057,CLIENT_B,BUY,1000,244.19,AGENCY,MARKET,244.18,244.19
F-00095,2026-08-17T10:39:03.286,ORD-00095,CLIENT_E,SELL,100,244.20,PRINCIPAL,INTERNAL,244.20,244.21
F-00096,2026-08-17T10:41:21.289,ORD-00096,CLIENT_B,SELL,3500,244.26,PRINCIPAL,INTERNAL,244.25,244.28
F-00097,2026-08-17T10:41:22.411,ORD-00096,CLIENT_B,SELL,1500,244.27,PRINCIPAL,INTERNAL,244.26,244.28
F-00098,2026-08-17T10:41:25.837,ORD-00097,CLIENT_C,SELL,100,244.25,AGENCY,MARKET,244.25,244.26
F-00099,2026-08-17T10:41:48.380,ORD-00098,CLIENT_D,BUY,1500,244.24,PRINCIPAL,INTERNAL,244.23,244.24
F-00100,2026-08-17T10:41:48.380,ORD-00098,CLIENT_D,BUY,1500,244.24,AGENCY,MARKET,244.23,244.24
F-00101,2026-08-17T10:41:58.039,ORD-00099,CLIENT_I,SELL,3000,244.23,AGENCY,MARKET,244.23,244.24
F-00102,2026-08-17T10:44:41.231,ORD-00101,CLIENT_B,SELL,5000,244.27,PRINCIPAL,INTERNAL,244.26,244.28
F-00103,2026-08-17T10:44:57.072,ORD-00103,CLIENT_A,SELL,200,244.27,AGENCY,MARKET,244.27,244.28
F-00104,2026-08-17T10:45:58.971,ORD-00105,CLIENT_D,SELL,5000,244.28,AGENCY,MARKET,244.28,244.29
F-00105,2026-08-17T10:47:28.185,ORD-00106,CLIENT_H,BUY,1500,244.30,PRINCIPAL,INTERNAL,244.29,244.30
F-00106,2026-08-17T10:49:03.603,ORD-00107,CLIENT_H,BUY,200,244.29,PRINCIPAL,INTERNAL,244.28,244.29
F-00107,2026-08-17T10:53:28.053,ORD-00104,CLIENT_A,BUY,400,244.21,PRINCIPAL,INTERNAL,244.20,244.22
F-00108,2026-08-17T10:55:07.451,ORD-00083,CLIENT_A,BUY,200,244.17,PRINCIPAL,INTERNAL,244.16,244.18
F-00109,2026-08-17T10:55:07.643,ORD-00108,CLIENT_B,BUY,700,244.17,PRINCIPAL,INTERNAL,244.16,244.18
F-00110,2026-08-17T10:55:11.643,ORD-00109,CLIENT_B,BUY,1000,244.20,PRINCIPAL,INTERNAL,244.19,244.20
F-00111,2026-08-17T10:55:11.643,ORD-00109,CLIENT_B,BUY,2000,244.20,AGENCY,MARKET,244.19,244.20
F-00112,2026-08-17T10:59:14.067,ORD-00110,CLIENT_C,SELL,400,244.22,PRINCIPAL,INTERNAL,244.21,244.23
F-00113,2026-08-17T11:00:34.723,ORD-00111,CLIENT_B,BUY,3000,244.20,PRINCIPAL,INTERNAL,244.19,244.21
F-00114,2026-08-17T11:01:52.077,ORD-00112,CLIENT_C,SELL,100,244.26,PRINCIPAL,INTERNAL,244.25,244.27
F-00115,2026-08-17T11:02:02.661,ORD-00114,CLIENT_D,SELL,200,244.25,PRINCIPAL,INTERNAL,244.25,244.26
F-00116,2026-08-17T11:02:17.280,ORD-00113,CLIENT_C,BUY,200,244.22,AGENCY,MARKET,244.21,244.22
F-00117,2026-08-17T11:03:38.318,ORD-00116,CLIENT_C,SELL,100,244.24,PRINCIPAL,INTERNAL,244.24,244.25
F-00118,2026-08-17T11:03:59.447,ORD-00117,CLIENT_A,BUY,200,244.25,PRINCIPAL,INTERNAL,244.24,244.26
F-00119,2026-08-17T11:04:40.822,ORD-00118,CLIENT_C,BUY,2000,244.24,PRINCIPAL,INTERNAL,244.22,244.25
F-00120,2026-08-17T11:04:47.703,ORD-00119,CLIENT_C,BUY,1000,244.26,AGENCY,MARKET,244.25,244.26
F-00121,2026-08-17T11:05:15.466,ORD-00120,CLIENT_D,SELL,200,244.21,PRINCIPAL,INTERNAL,244.20,244.22
F-00122,2026-08-17T11:07:13.191,ORD-00121,CLIENT_A,SELL,100,244.32,PRINCIPAL,INTERNAL,244.31,244.33
F-00123,2026-08-17T11:07:23.735,ORD-00122,CLIENT_A,BUY,700,244.33,PRINCIPAL,INTERNAL,244.32,244.34
F-00124,2026-08-17T11:07:27.982,ORD-00123,CLIENT_B,SELL,200,244.32,PRINCIPAL,INTERNAL,244.31,244.33
F-00125,2026-08-17T11:08:42.817,ORD-00124,CLIENT_C,SELL,200,244.26,PRINCIPAL,INTERNAL,244.26,244.27
F-00126,2026-08-17T11:09:41.996,ORD-00125,CLIENT_A,BUY,1000,244.25,AGENCY,MARKET,244.24,244.25
F-00127,2026-08-17T11:10:37.970,ORD-00126,CLIENT_A,SELL,100,244.23,PRINCIPAL,INTERNAL,244.22,244.24
F-00128,2026-08-17T11:12:14.794,ORD-00127,CLIENT_G,SELL,3500,244.28,PRINCIPAL,INTERNAL,244.28,244.29
F-00129,2026-08-17T11:12:14.794,ORD-00127,CLIENT_G,SELL,1500,244.28,AGENCY,MARKET,244.28,244.29
F-00130,2026-08-17T11:12:31.169,ORD-00128,CLIENT_A,SELL,3000,244.26,PRINCIPAL,INTERNAL,244.25,244.27
F-00131,2026-08-17T11:15:36.861,ORD-00130,CLIENT_E,SELL,400,244.34,PRINCIPAL,INTERNAL,244.32,244.37
F-00132,2026-08-17T11:16:07.140,ORD-00131,CLIENT_F,BUY,400,244.31,PRINCIPAL,INTERNAL,244.29,244.33
F-00133,2026-08-17T11:16:24.427,ORD-00133,CLIENT_B,BUY,5000,244.36,PRINCIPAL,INTERNAL,244.33,244.39
F-00134,2026-08-17T11:16:27.656,ORD-00134,CLIENT_C,BUY,100,244.40,PRINCIPAL,INTERNAL,244.37,244.42
F-00135,2026-08-17T11:16:46.747,ORD-00132,CLIENT_D,BUY,1000,244.18,PRINCIPAL,INTERNAL,244.15,244.20
F-00136,2026-08-17T11:16:59.261,ORD-00135,CLIENT_D,SELL,200,244.25,PRINCIPAL,INTERNAL,244.23,244.27
F-00137,2026-08-17T11:17:06.321,ORD-00100,CLIENT_D,BUY,3100,244.13,PRINCIPAL,INTERNAL,244.11,244.15
F-00138,2026-08-17T11:17:06.321,ORD-00100,CLIENT_D,BUY,1900,244.15,AGENCY,MARKET,244.11,244.15
F-00139,2026-08-17T11:17:09.766,ORD-00136,CLIENT_C,BUY,1000,244.08,AGENCY,MARKET,244.04,244.08
F-00140,2026-08-17T11:18:17.111,ORD-00138,CLIENT_A,BUY,300,243.75,AGENCY,MARKET,243.70,243.75
F-00141,2026-08-17T11:19:03.235,ORD-00139,CLIENT_A,SELL,1000,243.28,PRINCIPAL,INTERNAL,243.25,243.30
F-00142,2026-08-17T11:19:22.070,ORD-00140,CLIENT_B,BUY,300,243.30,PRINCIPAL,INTERNAL,243.27,243.32
F-00143,2026-08-17T11:20:03.132,ORD-00141,CLIENT_A,SELL,200,243.03,PRINCIPAL,INTERNAL,243.01,243.06
F-00144,2026-08-17T11:20:15.755,ORD-00142,CLIENT_C,SELL,1500,242.99,PRINCIPAL,INTERNAL,242.97,243.02
F-00145,2026-08-17T11:20:51.207,ORD-00143,CLIENT_H,BUY,2400,243.02,PRINCIPAL,INTERNAL,242.99,243.04
F-00146,2026-08-17T11:20:51.207,ORD-00143,CLIENT_H,BUY,2600,243.04,AGENCY,MARKET,242.99,243.04
F-00147,2026-08-17T11:21:12.150,ORD-00144,CLIENT_D,SELL,300,242.83,PRINCIPAL,INTERNAL,242.81,242.85
F-00148,2026-08-17T11:21:44.932,ORD-00145,CLIENT_B,SELL,100,242.90,PRINCIPAL,INTERNAL,242.88,242.92
F-00149,2026-08-17T11:21:52.826,ORD-00147,CLIENT_B,BUY,400,242.83,PRINCIPAL,INTERNAL,242.81,242.85
F-00150,2026-08-17T11:22:22.683,ORD-00149,CLIENT_E,SELL,100,242.93,PRINCIPAL,INTERNAL,242.91,242.96
F-00151,2026-08-17T11:22:29.306,ORD-00150,CLIENT_C,BUY,100,242.88,PRINCIPAL,INTERNAL,242.86,242.90
F-00152,2026-08-17T11:22:29.306,ORD-00150,CLIENT_C,BUY,100,242.90,AGENCY,MARKET,242.86,242.90
F-00153,2026-08-17T11:22:30.912,ORD-00148,CLIENT_D,BUY,1000,242.86,AGENCY,MARKET,242.81,242.86
F-00154,2026-08-17T11:22:34.801,ORD-00146,CLIENT_A,BUY,2000,242.76,AGENCY,MARKET,242.70,242.76
F-00155,2026-08-17T11:22:48.021,ORD-00152,CLIENT_D,SELL,100,242.59,PRINCIPAL,INTERNAL,242.56,242.61
F-00156,2026-08-17T11:24:00.606,ORD-00156,CLIENT_B,BUY,100,242.32,PRINCIPAL,INTERNAL,242.30,242.34
F-00157,2026-08-17T11:24:00.606,ORD-00156,CLIENT_B,BUY,1900,242.34,AGENCY,MARKET,242.30,242.34
F-00158,2026-08-17T11:24:20.437,ORD-00157,CLIENT_C,SELL,1500,242.30,PRINCIPAL,INTERNAL,242.28,242.32
F-00159,2026-08-17T11:31:13.253,ORD-00159,CLIENT_F,SELL,100,242.28,PRINCIPAL,INTERNAL,242.27,242.29
F-00160,2026-08-17T11:35:04.310,ORD-00160,CLIENT_A,SELL,1500,242.26,PRINCIPAL,INTERNAL,242.25,242.27
F-00161,2026-08-17T11:36:14.416,ORD-00161,CLIENT_J,BUY,200,242.28,PRINCIPAL,INTERNAL,242.27,242.29
F-00162,2026-08-17T11:36:42.938,ORD-00158,CLIENT_B,SELL,1500,242.37,PRINCIPAL,INTERNAL,242.36,242.39
F-00163,2026-08-17T11:40:34.069,ORD-00162,CLIENT_H,BUY,100,242.32,AGENCY,MARKET,242.31,242.32
F-00164,2026-08-17T11:40:49.816,ORD-00163,CLIENT_A,BUY,1000,242.33,AGENCY,MARKET,242.32,242.33
F-00165,2026-08-17T11:41:13.403,ORD-00164,CLIENT_I,SELL,100,242.33,PRINCIPAL,INTERNAL,242.32,242.34
F-00166,2026-08-17T11:41:43.986,ORD-00165,CLIENT_D,SELL,100,242.33,PRINCIPAL,INTERNAL,242.33,242.34
F-00167,2026-08-17T11:42:30.549,ORD-00166,CLIENT_G,BUY,100,242.28,AGENCY,MARKET,242.27,242.28
F-00168,2026-08-17T11:44:20.918,ORD-00169,CLIENT_G,BUY,2000,242.24,AGENCY,MARKET,242.23,242.24
F-00169,2026-08-17T11:44:36.482,ORD-00170,CLIENT_E,BUY,1500,242.22,AGENCY,MARKET,242.21,242.22
F-00170,2026-08-17T11:45:15.391,ORD-00167,CLIENT_A,BUY,300,242.17,AGENCY,MARKET,242.16,242.17
F-00171,2026-08-17T11:46:56.645,ORD-00173,CLIENT_C,SELL,900,242.22,PRINCIPAL,INTERNAL,242.22,242.23
F-00172,2026-08-17T11:46:56.645,ORD-00173,CLIENT_C,SELL,600,242.22,AGENCY,MARKET,242.22,242.23
F-00173,2026-08-17T11:47:18.842,ORD-00174,CLIENT_A,BUY,200,242.18,AGENCY,MARKET,242.17,242.18
F-00174,2026-08-17T11:48:31.481,ORD-00176,CLIENT_A,SELL,2000,242.20,AGENCY,MARKET,242.20,242.21
F-00175,2026-08-17T11:50:06.933,ORD-00178,CLIENT_D,SELL,100,242.19,AGENCY,MARKET,242.19,242.20
F-00176,2026-08-17T11:51:58.804,ORD-00179,CLIENT_F,BUY,100,242.10,AGENCY,MARKET,242.09,242.10
F-00177,2026-08-17T11:52:32.613,ORD-00180,CLIENT_D,SELL,1500,242.10,PRINCIPAL,INTERNAL,242.09,242.11
F-00178,2026-08-17T11:53:55.740,ORD-00181,CLIENT_B,BUY,100,242.04,PRINCIPAL,INTERNAL,242.03,242.05
F-00179,2026-08-17T11:54:22.555,ORD-00182,CLIENT_F,BUY,1400,242.10,PRINCIPAL,INTERNAL,242.09,242.10
F-00180,2026-08-17T11:54:22.555,ORD-00182,CLIENT_F,BUY,3600,242.10,AGENCY,MARKET,242.09,242.10
F-00181,2026-08-17T11:54:31.972,ORD-00183,CLIENT_G,SELL,3000,242.08,AGENCY,MARKET,242.08,242.09
F-00182,2026-08-17T11:54:46.279,ORD-00184,CLIENT_E,BUY,3000,242.11,AGENCY,MARKET,242.10,242.11
F-00183,2026-08-17T11:55:14.035,ORD-00185,CLIENT_A,BUY,1000,242.10,PRINCIPAL,INTERNAL,242.08,242.11
F-00184,2026-08-17T11:56:05.847,ORD-00186,CLIENT_A,BUY,300,242.06,AGENCY,MARKET,242.05,242.06
F-00185,2026-08-17T11:57:05.140,ORD-00187,CLIENT_A,BUY,100,242.02,PRINCIPAL,INTERNAL,242.01,242.03
F-00186,2026-08-17T11:57:48.094,ORD-00188,CLIENT_G,SELL,100,241.99,PRINCIPAL,INTERNAL,241.99,242.00
F-00187,2026-08-17T12:00:00.429,ORD-00190,CLIENT_G,BUY,5000,242.09,AGENCY,MARKET,242.08,242.09
F-00188,2026-08-17T12:00:23.384,ORD-00191,CLIENT_A,SELL,1000,242.08,PRINCIPAL,INTERNAL,242.08,242.09
F-00189,2026-08-17T12:00:23.384,ORD-00191,CLIENT_A,SELL,4000,242.08,AGENCY,MARKET,242.08,242.09
F-00190,2026-08-17T12:03:16.717,ORD-00193,CLIENT_A,BUY,700,242.07,PRINCIPAL,INTERNAL,242.05,242.08
F-00191,2026-08-17T12:03:44.241,ORD-00194,CLIENT_B,SELL,1500,242.11,PRINCIPAL,INTERNAL,242.10,242.12
F-00192,2026-08-17T12:05:06.959,ORD-00195,CLIENT_A,BUY,100,242.10,PRINCIPAL,INTERNAL,242.09,242.10
F-00193,2026-08-17T12:06:23.320,ORD-00196,CLIENT_D,SELL,400,242.20,PRINCIPAL,INTERNAL,242.19,242.21
F-00194,2026-08-17T12:07:24.113,ORD-00189,CLIENT_B,SELL,1000,242.23,AGENCY,MARKET,242.23,242.24
F-00195,2026-08-17T12:07:26.312,ORD-00192,CLIENT_C,SELL,500,242.25,AGENCY,MARKET,242.25,242.26
F-00196,2026-08-17T12:08:22.816,ORD-00197,CLIENT_E,SELL,2000,242.23,AGENCY,MARKET,242.23,242.24
F-00197,2026-08-17T12:08:48.576,ORD-00198,CLIENT_J,SELL,700,242.25,PRINCIPAL,INTERNAL,242.24,242.26
F-00198,2026-08-17T12:09:28.145,ORD-00200,CLIENT_G,BUY,300,242.20,PRINCIPAL,INTERNAL,242.19,242.21
F-00199,2026-08-17T12:09:35.377,ORD-00199,CLIENT_G,SELL,2000,242.24,AGENCY,MARKET,242.24,242.25
F-00200,2026-08-17T12:10:11.523,ORD-00201,CLIENT_C,BUY,1500,242.21,PRINCIPAL,INTERNAL,242.20,242.22
F-00201,2026-08-17T12:11:35.795,ORD-00201,CLIENT_C,BUY,1500,242.21,AGENCY,MARKET,242.20,242.21
F-00202,2026-08-17T12:12:29.576,ORD-00202,CLIENT_A,SELL,2000,242.16,AGENCY,MARKET,242.16,242.17
F-00203,2026-08-17T12:14:14.676,ORD-00204,CLIENT_B,SELL,100,242.14,AGENCY,MARKET,242.14,242.15
F-00204,2026-08-17T12:16:01.200,ORD-00205,CLIENT_D,SELL,3000,242.24,AGENCY,MARKET,242.24,242.25
F-00205,2026-08-17T12:17:35.364,ORD-00172,CLIENT_J,SELL,2000,242.36,AGENCY,MARKET,242.36,242.37
F-00206,2026-08-17T12:18:01.878,ORD-00168,CLIENT_A,SELL,100,242.39,PRINCIPAL,INTERNAL,242.38,242.40
F-00207,2026-08-17T12:18:14.016,ORD-00207,CLIENT_E,BUY,100,242.37,PRINCIPAL,INTERNAL,242.36,242.37
F-00208,2026-08-17T12:18:14.016,ORD-00207,CLIENT_E,BUY,1400,242.37,AGENCY,MARKET,242.36,242.37
F-00209,2026-08-17T12:18:39.950,ORD-00209,CLIENT_B,SELL,5000,242.39,AGENCY,MARKET,242.39,242.40
F-00210,2026-08-17T12:19:49.353,ORD-00208,CLIENT_C,BUY,1000,242.34,AGENCY,MARKET,242.33,242.34
F-00211,2026-08-17T12:19:59.951,ORD-00210,CLIENT_A,SELL,1000,242.38,PRINCIPAL,INTERNAL,242.37,242.40
F-00212,2026-08-17T12:21:43.956,ORD-00212,CLIENT_A,SELL,700,242.37,AGENCY,MARKET,242.37,242.38
F-00213,2026-08-17T12:22:52.953,ORD-00214,CLIENT_A,SELL,300,242.44,AGENCY,MARKET,242.44,242.45
F-00214,2026-08-17T12:26:16.891,ORD-00215,CLIENT_H,BUY,100,242.45,PRINCIPAL,INTERNAL,242.44,242.46
F-00215,2026-08-17T12:26:28.592,ORD-00217,CLIENT_J,SELL,1500,242.46,PRINCIPAL,INTERNAL,242.45,242.47
F-00216,2026-08-17T12:26:31.905,ORD-00216,CLIENT_I,SELL,1000,242.48,AGENCY,MARKET,242.48,242.49
F-00217,2026-08-17T12:27:32.942,ORD-00219,CLIENT_C,BUY,1500,242.48,PRINCIPAL,INTERNAL,242.47,242.48
F-00218,2026-08-17T12:28:10.087,ORD-00220,CLIENT_H,SELL,100,242.45,PRINCIPAL,INTERNAL,242.44,242.47
F-00219,2026-08-17T12:28:45.859,ORD-00223,CLIENT_G,BUY,1500,242.43,PRINCIPAL,INTERNAL,242.42,242.44
F-00220,2026-08-17T12:28:58.247,ORD-00224,CLIENT_A,BUY,2000,242.44,AGENCY,MARKET,242.43,242.44
F-00221,2026-08-17T12:29:25.995,ORD-00221,CLIENT_C,SELL,300,242.45,PRINCIPAL,INTERNAL,242.44,242.46
F-00222,2026-08-17T12:29:43.122,ORD-00222,CLIENT_I,SELL,200,242.47,PRINCIPAL,INTERNAL,242.46,242.48
F-00223,2026-08-17T12:29:44.528,ORD-00222,CLIENT_I,SELL,500,242.47,AGENCY,MARKET,242.47,242.48
F-00224,2026-08-17T12:30:31.333,ORD-00218,CLIENT_A,SELL,400,242.58,AGENCY,MARKET,242.58,242.59
F-00225,2026-08-17T12:30:39.195,ORD-00225,CLIENT_C,BUY,700,242.61,AGENCY,MARKET,242.60,242.61
F-00226,2026-08-17T12:31:58.632,ORD-00155,CLIENT_H,SELL,500,242.62,AGENCY,MARKET,242.62,242.63
F-00227,2026-08-17T12:32:47.473,ORD-00226,CLIENT_B,SELL,100,242.58,PRINCIPAL,INTERNAL,242.57,242.59
F-00228,2026-08-17T12:34:18.371,ORD-00227,CLIENT_D,BUY,100,242.59,PRINCIPAL,INTERNAL,242.58,242.60
F-00229,2026-08-17T12:34:49.238,ORD-00228,CLIENT_A,BUY,3000,242.56,AGENCY,MARKET,242.55,242.56
F-00230,2026-08-17T12:35:36.314,ORD-00229,CLIENT_B,BUY,300,242.53,PRINCIPAL,INTERNAL,242.52,242.54
F-00231,2026-08-17T12:36:31.692,ORD-00230,CLIENT_C,SELL,300,242.47,PRINCIPAL,INTERNAL,242.47,242.48
F-00232,2026-08-17T12:36:31.692,ORD-00230,CLIENT_C,SELL,4700,242.47,AGENCY,MARKET,242.47,242.48
F-00233,2026-08-17T12:36:58.143,ORD-00231,CLIENT_G,SELL,3000,242.45,AGENCY,MARKET,242.45,242.46
F-00234,2026-08-17T12:37:27.895,ORD-00232,CLIENT_G,SELL,1000,242.49,AGENCY,MARKET,242.49,242.50
F-00235,2026-08-17T12:38:30.209,ORD-00234,CLIENT_B,SELL,5000,242.59,PRINCIPAL,INTERNAL,242.58,242.60
F-00236,2026-08-17T12:39:01.799,ORD-00235,CLIENT_F,BUY,100,242.57,PRINCIPAL,INTERNAL,242.56,242.58
F-00237,2026-08-17T12:40:38.338,ORD-00236,CLIENT_C,SELL,700,242.58,AGENCY,MARKET,242.58,242.59
F-00238,2026-08-17T12:42:30.272,ORD-00238,CLIENT_I,BUY,1000,242.55,PRINCIPAL,INTERNAL,242.54,242.56
F-00239,2026-08-17T12:43:32.044,ORD-00239,CLIENT_F,BUY,400,242.57,PRINCIPAL,INTERNAL,242.56,242.57
F-00240,2026-08-17T12:45:14.571,ORD-00241,CLIENT_C,SELL,300,242.58,AGENCY,MARKET,242.58,242.59
F-00241,2026-08-17T12:46:25.053,ORD-00242,CLIENT_A,SELL,300,242.60,PRINCIPAL,INTERNAL,242.59,242.61
F-00242,2026-08-17T12:48:22.332,ORD-00243,CLIENT_A,SELL,2000,242.69,PRINCIPAL,INTERNAL,242.68,242.70
F-00243,2026-08-17T12:49:43.948,ORD-00244,CLIENT_I,BUY,4000,242.76,PRINCIPAL,INTERNAL,242.75,242.76
F-00244,2026-08-17T12:49:43.948,ORD-00244,CLIENT_I,BUY,1000,242.76,AGENCY,MARKET,242.75,242.76
F-00245,2026-08-17T12:50:40.534,ORD-00246,CLIENT_E,SELL,5000,242.72,AGENCY,MARKET,242.72,242.73
F-00246,2026-08-17T12:51:18.812,ORD-00248,CLIENT_B,SELL,1500,242.76,AGENCY,MARKET,242.76,242.77
F-00247,2026-08-17T12:51:21.400,ORD-00247,CLIENT_B,BUY,100,242.75,AGENCY,CROSS,242.75,242.77
F-00248,2026-08-17T12:51:21.400,ORD-00249,CLIENT_B,SELL,100,242.75,AGENCY,CROSS,242.75,242.77
F-00249,2026-08-17T12:51:39.614,ORD-00247,CLIENT_B,BUY,900,242.75,AGENCY,MARKET,242.74,242.75
F-00250,2026-08-17T12:51:44.107,ORD-00250,CLIENT_B,SELL,200,242.75,AGENCY,MARKET,242.75,242.76
F-00251,2026-08-17T12:52:10.588,ORD-00251,CLIENT_A,BUY,100,242.74,AGENCY,MARKET,242.73,242.74
F-00252,2026-08-17T12:55:53.265,ORD-00252,CLIENT_G,BUY,200,242.64,AGENCY,MARKET,242.63,242.64
F-00253,2026-08-17T12:58:30.735,ORD-00253,CLIENT_F,BUY,5000,242.63,PRINCIPAL,INTERNAL,242.62,242.64
F-00254,2026-08-17T12:59:10.610,ORD-00254,CLIENT_E,BUY,700,242.70,AGENCY,MARKET,242.69,242.70
F-00255,2026-08-17T12:59:16.067,ORD-00255,CLIENT_H,SELL,3000,242.70,PRINCIPAL,INTERNAL,242.70,242.71
F-00256,2026-08-17T13:02:32.072,ORD-00256,CLIENT_D,SELL,1000,242.62,PRINCIPAL,INTERNAL,242.62,242.63
F-00257,2026-08-17T13:02:32.072,ORD-00256,CLIENT_D,SELL,1000,242.62,AGENCY,MARKET,242.62,242.63
F-00258,2026-08-17T13:04:48.744,ORD-00257,CLIENT_E,BUY,100,242.62,AGENCY,MARKET,242.61,242.62
F-00259,2026-08-17T13:06:14.767,ORD-00258,CLIENT_J,SELL,500,242.68,AGENCY,MARKET,242.68,242.69
F-00260,2026-08-17T13:06:52.757,ORD-00259,CLIENT_F,SELL,400,242.71,AGENCY,MARKET,242.71,242.72
F-00261,2026-08-17T13:06:55.680,ORD-00260,CLIENT_B,BUY,1500,242.71,AGENCY,MARKET,242.70,242.71
F-00262,2026-08-17T13:07:51.785,ORD-00263,CLIENT_A,BUY,200,242.72,AGENCY,CROSS,242.71,242.72
F-00263,2026-08-17T13:07:51.785,ORD-00261,CLIENT_D,SELL,200,242.72,AGENCY,CROSS,242.71,242.72
F-00264,2026-08-17T13:08:04.852,ORD-00261,CLIENT_D,SELL,1800,242.72,AGENCY,MARKET,242.72,242.73
F-00265,2026-08-17T13:08:33.058,ORD-00264,CLIENT_D,SELL,700,242.74,AGENCY,MARKET,242.74,242.75
F-00266,2026-08-17T13:08:59.467,ORD-00265,CLIENT_E,SELL,100,242.73,AGENCY,MARKET,242.73,242.74
F-00267,2026-08-17T13:09:37.803,ORD-00153,CLIENT_E,SELL,500,242.84,PRINCIPAL,INTERNAL,242.83,242.85
F-00268,2026-08-17T13:11:24.504,ORD-00266,CLIENT_B,SELL,100,242.73,PRINCIPAL,INTERNAL,242.72,242.75
F-00269,2026-08-17T13:14:36.752,ORD-00268,CLIENT_I,BUY,200,242.79,PRINCIPAL,INTERNAL,242.78,242.80
F-00270,2026-08-17T13:15:05.944,ORD-00267,CLIENT_C,BUY,400,242.74,PRINCIPAL,INTERNAL,242.73,242.75
F-00271,2026-08-17T13:17:23.544,ORD-00269,CLIENT_D,BUY,500,242.74,AGENCY,MARKET,242.73,242.74
F-00272,2026-08-17T13:18:33.760,ORD-00270,CLIENT_E,BUY,1000,242.67,AGENCY,MARKET,242.66,242.67
F-00273,2026-08-17T13:19:13.548,ORD-00271,CLIENT_A,SELL,100,242.72,AGENCY,MARKET,242.72,242.73
F-00274,2026-08-17T13:19:30.692,ORD-00272,CLIENT_E,SELL,1000,242.73,PRINCIPAL,INTERNAL,242.72,242.74
F-00275,2026-08-17T13:20:17.895,ORD-00273,CLIENT_B,SELL,3000,242.66,AGENCY,MARKET,242.66,242.67
F-00276,2026-08-17T13:20:55.501,ORD-00274,CLIENT_C,SELL,500,242.68,AGENCY,MARKET,242.68,242.69
F-00277,2026-08-17T13:21:32.921,ORD-00275,CLIENT_F,SELL,700,242.66,PRINCIPAL,INTERNAL,242.65,242.68
F-00278,2026-08-17T13:22:48.881,ORD-00277,CLIENT_D,BUY,100,242.71,PRINCIPAL,INTERNAL,242.70,242.72
F-00279,2026-08-17T13:22:56.746,ORD-00278,CLIENT_C,SELL,2000,242.68,PRINCIPAL,INTERNAL,242.67,242.70
F-00280,2026-08-17T13:25:25.765,ORD-00281,CLIENT_E,SELL,100,242.70,AGENCY,MARKET,242.70,242.71
F-00281,2026-08-17T13:26:04.498,ORD-00283,CLIENT_F,SELL,2400,242.70,PRINCIPAL,INTERNAL,242.69,242.72
F-00282,2026-08-17T13:26:04.498,ORD-00283,CLIENT_F,SELL,2600,242.69,AGENCY,MARKET,242.69,242.72
F-00283,2026-08-17T13:26:41.282,ORD-00282,CLIENT_F,SELL,1500,242.74,AGENCY,MARKET,242.74,242.75
F-00284,2026-08-17T13:29:06.141,ORD-00284,CLIENT_J,SELL,2000,242.68,PRINCIPAL,INTERNAL,242.67,242.69
F-00285,2026-08-17T13:30:05.986,ORD-00262,CLIENT_C,BUY,200,242.62,PRINCIPAL,INTERNAL,242.61,242.63
F-00286,2026-08-17T13:31:34.256,ORD-00286,CLIENT_F,SELL,1000,242.62,PRINCIPAL,INTERNAL,242.61,242.63
F-00287,2026-08-17T13:33:43.013,ORD-00279,CLIENT_C,BUY,2000,242.49,PRINCIPAL,INTERNAL,242.48,242.50
F-00288,2026-08-17T13:34:09.468,ORD-00276,CLIENT_C,BUY,100,242.48,PRINCIPAL,INTERNAL,242.47,242.49
F-00289,2026-08-17T13:34:57.846,ORD-00288,CLIENT_H,SELL,1500,242.43,AGENCY,MARKET,242.43,242.44
F-00290,2026-08-17T13:36:02.057,ORD-00289,CLIENT_D,SELL,5000,242.46,AGENCY,MARKET,242.46,242.47
F-00291,2026-08-17T13:36:52.063,ORD-00291,CLIENT_A,BUY,5000,242.46,PRINCIPAL,INTERNAL,242.45,242.47
F-00292,2026-08-17T13:37:15.077,ORD-00292,CLIENT_C,BUY,500,242.45,AGENCY,MARKET,242.44,242.45
F-00293,2026-08-17T13:38:04.016,ORD-00293,CLIENT_C,SELL,3000,242.45,PRINCIPAL,INTERNAL,242.44,242.46
F-00294,2026-08-17T13:38:20.066,ORD-00294,CLIENT_F,BUY,400,242.48,AGENCY,MARKET,242.47,242.48
F-00295,2026-08-17T13:39:27.264,ORD-00290,CLIENT_C,SELL,100,242.53,PRINCIPAL,INTERNAL,242.52,242.54
F-00296,2026-08-17T13:39:39.606,ORD-00295,CLIENT_B,SELL,200,242.52,AGENCY,MARKET,242.52,242.53
F-00297,2026-08-17T13:39:59.262,ORD-00297,CLIENT_E,BUY,1500,242.50,AGENCY,MARKET,242.49,242.50
F-00298,2026-08-17T13:41:40.893,ORD-00298,CLIENT_E,SELL,500,242.54,AGENCY,MARKET,242.54,242.55
F-00299,2026-08-17T13:42:09.210,ORD-00299,CLIENT_D,SELL,5000,242.56,PRINCIPAL,INTERNAL,242.55,242.57
F-00300,2026-08-17T13:44:07.984,ORD-00301,CLIENT_I,SELL,2000,242.51,PRINCIPAL,INTERNAL,242.50,242.53
F-00301,2026-08-17T13:45:27.901,ORD-00302,CLIENT_C,SELL,200,242.46,PRINCIPAL,INTERNAL,242.45,242.48
F-00302,2026-08-17T13:45:55.836,ORD-00237,CLIENT_E,BUY,200,242.42,PRINCIPAL,INTERNAL,242.41,242.43
F-00303,2026-08-17T13:46:14.165,ORD-00285,CLIENT_I,BUY,3800,242.41,PRINCIPAL,INTERNAL,242.40,242.42
F-00304,2026-08-17T13:46:54.495,ORD-00285,CLIENT_I,BUY,1200,242.41,AGENCY,MARKET,242.40,242.41
F-00305,2026-08-17T13:47:43.103,ORD-00303,CLIENT_B,SELL,200,242.40,AGENCY,MARKET,242.40,242.41
F-00306,2026-08-17T13:48:09.043,ORD-00304,CLIENT_A,BUY,200,242.39,AGENCY,MARKET,242.38,242.39
F-00307,2026-08-17T13:48:12.555,ORD-00305,CLIENT_B,BUY,200,242.37,PRINCIPAL,INTERNAL,242.36,242.38
F-00308,2026-08-17T13:48:29.287,ORD-00300,CLIENT_C,BUY,100,242.34,AGENCY,MARKET,242.33,242.34
F-00309,2026-08-17T13:48:37.874,ORD-00233,CLIENT_A,BUY,200,242.31,AGENCY,MARKET,242.30,242.31
F-00310,2026-08-17T13:48:41.452,ORD-00213,CLIENT_B,BUY,1500,242.30,AGENCY,MARKET,242.29,242.30
F-00311,2026-08-17T13:49:33.663,ORD-00306,CLIENT_C,BUY,200,242.30,AGENCY,MARKET,242.29,242.30
F-00312,2026-08-17T13:49:50.419,ORD-00206,CLIENT_H,BUY,300,242.28,AGENCY,MARKET,242.27,242.28
F-00313,2026-08-17T13:50:26.294,ORD-00307,CLIENT_E,BUY,200,242.24,AGENCY,MARKET,242.23,242.24
F-00314,2026-08-17T13:50:40.865,ORD-00308,CLIENT_A,SELL,100,242.22,PRINCIPAL,INTERNAL,242.22,242.23
F-00315,2026-08-17T13:50:45.635,ORD-00309,CLIENT_A,SELL,100,242.23,PRINCIPAL,INTERNAL,242.23,242.24
F-00316,2026-08-17T13:52:36.583,ORD-00310,CLIENT_C,SELL,100,242.30,AGENCY,MARKET,242.30,242.31
F-00317,2026-08-17T13:54:03.204,ORD-00311,CLIENT_A,BUY,5000,242.30,AGENCY,MARKET,242.29,242.30
F-00318,2026-08-17T13:55:35.520,ORD-00313,CLIENT_E,BUY,1500,242.31,AGENCY,MARKET,242.30,242.31
F-00319,2026-08-17T13:57:57.609,ORD-00315,CLIENT_E,BUY,1000,242.38,PRINCIPAL,INTERNAL,242.37,242.39
F-00320,2026-08-17T13:58:07.308,ORD-00316,CLIENT_A,SELL,1000,242.35,PRINCIPAL,INTERNAL,242.35,242.36
F-00321,2026-08-17T13:58:07.308,ORD-00316,CLIENT_A,SELL,500,242.35,AGENCY,MARKET,242.35,242.36
F-00322,2026-08-17T13:59:00.446,ORD-00317,CLIENT_B,SELL,200,242.37,AGENCY,MARKET,242.37,242.38
F-00323,2026-08-17T13:59:02.746,ORD-00318,CLIENT_B,SELL,400,242.37,PRINCIPAL,INTERNAL,242.36,242.39
F-00324,2026-08-17T14:00:08.332,ORD-00319,CLIENT_D,SELL,200,242.40,PRINCIPAL,INTERNAL,242.38,242.42
F-00325,2026-08-17T14:00:10.148,ORD-00314,CLIENT_G,SELL,400,242.44,PRINCIPAL,INTERNAL,242.43,242.46
F-00326,2026-08-17T14:00:31.610,ORD-00312,CLIENT_D,BUY,200,242.27,PRINCIPAL,INTERNAL,242.25,242.28
F-00327,2026-08-17T14:01:02.913,ORD-00321,CLIENT_B,BUY,100,242.37,AGENCY,CROSS,242.34,242.37
F-00328,2026-08-17T14:01:02.913,ORD-00320,CLIENT_E,SELL,100,242.37,AGENCY,CROSS,242.34,242.37
F-00329,2026-08-17T14:01:02.913,ORD-00321,CLIENT_B,BUY,100,242.36,PRINCIPAL,INTERNAL,242.34,242.37
F-00330,2026-08-17T14:01:35.452,ORD-00322,CLIENT_B,SELL,400,242.41,PRINCIPAL,INTERNAL,242.39,242.43
F-00331,2026-08-17T14:02:31.262,ORD-00323,CLIENT_A,SELL,100,242.56,PRINCIPAL,INTERNAL,242.54,242.58
F-00332,2026-08-17T14:03:39.869,ORD-00296,CLIENT_B,SELL,300,242.67,PRINCIPAL,INTERNAL,242.65,242.69
F-00333,2026-08-17T14:03:42.828,ORD-00324,CLIENT_E,SELL,1500,242.60,PRINCIPAL,INTERNAL,242.59,242.62
F-00334,2026-08-17T14:04:19.857,ORD-00325,CLIENT_C,SELL,200,242.80,PRINCIPAL,INTERNAL,242.79,242.82
F-00335,2026-08-17T14:04:21.665,ORD-00280,CLIENT_A,SELL,100,242.83,PRINCIPAL,INTERNAL,242.81,242.85
F-00336,2026-08-17T14:04:27.278,ORD-00326,CLIENT_B,SELL,300,242.90,PRINCIPAL,INTERNAL,242.89,242.92
F-00337,2026-08-17T14:04:42.266,ORD-00245,CLIENT_D,SELL,300,242.96,PRINCIPAL,INTERNAL,242.95,242.98
F-00338,2026-08-17T14:04:50.106,ORD-00327,CLIENT_A,BUY,200,242.99,PRINCIPAL,INTERNAL,242.97,243.00
F-00339,2026-08-17T14:05:33.132,ORD-00329,CLIENT_H,BUY,200,242.96,PRINCIPAL,INTERNAL,242.94,242.97
F-00340,2026-08-17T14:05:48.525,ORD-00328,CLIENT_A,SELL,400,243.07,PRINCIPAL,INTERNAL,243.06,243.09
F-00341,2026-08-17T14:06:04.194,ORD-00330,CLIENT_C,SELL,200,243.06,PRINCIPAL,INTERNAL,243.04,243.08
F-00342,2026-08-17T14:06:33.250,ORD-00331,CLIENT_A,BUY,500,243.02,PRINCIPAL,INTERNAL,243.00,243.04
F-00343,2026-08-17T14:07:02.587,ORD-00333,CLIENT_G,BUY,3000,243.09,PRINCIPAL,INTERNAL,243.07,243.11
F-00344,2026-08-17T14:07:13.258,ORD-00334,CLIENT_A,SELL,100,243.11,PRINCIPAL,INTERNAL,243.10,243.13
F-00345,2026-08-17T14:07:15.034,ORD-00335,CLIENT_D,BUY,100,243.13,AGENCY,CROSS,243.09,243.13
F-00346,2026-08-17T14:07:15.034,ORD-00332,CLIENT_H,SELL,100,243.13,AGENCY,CROSS,243.09,243.13
F-00347,2026-08-17T14:07:15.034,ORD-00335,CLIENT_D,BUY,600,243.11,PRINCIPAL,INTERNAL,243.09,243.13
F-00348,2026-08-17T14:07:30.051,ORD-00336,CLIENT_D,SELL,100,243.11,PRINCIPAL,INTERNAL,243.09,243.13
F-00349,2026-08-17T14:07:30.471,ORD-00337,CLIENT_A,BUY,100,243.11,PRINCIPAL,INTERNAL,243.09,243.12
F-00350,2026-08-17T14:08:42.979,ORD-00339,CLIENT_F,SELL,3000,243.01,PRINCIPAL,INTERNAL,243.00,243.03
F-00351,2026-08-17T14:09:56.711,ORD-00340,CLIENT_B,SELL,100,243.34,PRINCIPAL,INTERNAL,243.32,243.37
F-00352,2026-08-17T14:11:51.549,ORD-00341,CLIENT_C,BUY,500,243.33,PRINCIPAL,INTERNAL,243.32,243.34
F-00353,2026-08-17T14:14:05.050,ORD-00342,CLIENT_D,SELL,100,243.35,AGENCY,MARKET,243.35,243.36
F-00354,2026-08-17T14:17:28.786,ORD-00343,CLIENT_B,BUY,700,243.42,PRINCIPAL,INTERNAL,243.41,243.43
F-00355,2026-08-17T14:17:29.418,ORD-00344,CLIENT_B,BUY,100,243.44,PRINCIPAL,INTERNAL,243.43,243.44
F-00356,2026-08-17T14:19:55.553,ORD-00345,CLIENT_F,BUY,100,243.52,PRINCIPAL,INTERNAL,243.51,243.52
F-00357,2026-08-17T14:21:06.623,ORD-00346,CLIENT_H,BUY,200,243.50,PRINCIPAL,INTERNAL,243.49,243.50
F-00358,2026-08-17T14:23:56.644,ORD-00347,CLIENT_A,SELL,1000,243.43,AGENCY,MARKET,243.43,243.44
F-00359,2026-08-17T14:24:19.620,ORD-00349,CLIENT_C,BUY,700,243.40,PRINCIPAL,INTERNAL,243.39,243.41
F-00360,2026-08-17T14:24:48.851,ORD-00350,CLIENT_I,BUY,200,243.43,PRINCIPAL,INTERNAL,243.41,243.44
F-00361,2026-08-17T14:27:22.622,ORD-00351,CLIENT_B,BUY,400,243.38,PRINCIPAL,INTERNAL,243.37,243.39
F-00362,2026-08-17T14:27:36.008,ORD-00348,CLIENT_H,BUY,100,243.35,PRINCIPAL,INTERNAL,243.34,243.36
F-00363,2026-08-17T14:30:10.634,ORD-00352,CLIENT_H,SELL,100,243.24,PRINCIPAL,INTERNAL,243.23,243.25
F-00364,2026-08-17T14:30:38.185,ORD-00353,CLIENT_D,SELL,100,243.22,AGENCY,MARKET,243.22,243.23
F-00365,2026-08-17T14:30:38.455,ORD-00354,CLIENT_A,BUY,100,243.23,PRINCIPAL,INTERNAL,243.22,243.23
F-00366,2026-08-17T14:30:58.179,ORD-00355,CLIENT_A,SELL,500,243.21,PRINCIPAL,INTERNAL,243.20,243.23
F-00367,2026-08-17T14:32:50.279,ORD-00357,CLIENT_B,SELL,300,243.20,PRINCIPAL,INTERNAL,243.19,243.21
F-00368,2026-08-17T14:33:59.708,ORD-00356,CLIENT_F,SELL,5000,243.28,AGENCY,MARKET,243.28,243.29
F-00369,2026-08-17T14:35:54.855,ORD-00358,CLIENT_D,BUY,300,243.29,PRINCIPAL,INTERNAL,243.28,243.30
F-00370,2026-08-17T14:35:59.139,ORD-00359,CLIENT_H,BUY,500,243.28,PRINCIPAL,INTERNAL,243.27,243.29
F-00371,2026-08-17T14:36:22.995,ORD-00360,CLIENT_C,SELL,100,243.24,PRINCIPAL,INTERNAL,243.23,243.25
F-00372,2026-08-17T14:36:49.119,ORD-00361,CLIENT_B,SELL,200,243.24,AGENCY,MARKET,243.24,243.25
F-00373,2026-08-17T14:39:12.096,ORD-00362,CLIENT_B,SELL,200,243.15,AGENCY,MARKET,243.15,243.16
F-00374,2026-08-17T14:39:28.909,ORD-00363,CLIENT_E,BUY,1500,243.13,PRINCIPAL,INTERNAL,243.11,243.14
F-00375,2026-08-17T14:39:40.672,ORD-00364,CLIENT_G,SELL,300,243.17,PRINCIPAL,INTERNAL,243.17,243.18
F-00376,2026-08-17T14:40:49.961,ORD-00365,CLIENT_C,BUY,100,243.18,AGENCY,MARKET,243.17,243.18
F-00377,2026-08-17T14:42:03.882,ORD-00366,CLIENT_C,BUY,500,243.17,AGENCY,MARKET,243.16,243.17
F-00378,2026-08-17T14:42:42.831,ORD-00367,CLIENT_B,SELL,300,243.17,PRINCIPAL,INTERNAL,243.17,243.18
F-00379,2026-08-17T14:44:41.749,ORD-00371,CLIENT_A,SELL,200,243.21,PRINCIPAL,INTERNAL,243.20,243.23
F-00380,2026-08-17T14:44:52.607,ORD-00372,CLIENT_C,SELL,400,243.20,PRINCIPAL,INTERNAL,243.20,243.21
F-00381,2026-08-17T14:45:22.186,ORD-00370,CLIENT_J,BUY,3000,243.18,AGENCY,MARKET,243.17,243.18
F-00382,2026-08-17T14:46:56.210,ORD-00375,CLIENT_B,BUY,400,243.25,PRINCIPAL,INTERNAL,243.24,243.26
F-00383,2026-08-17T14:48:08.088,ORD-00368,CLIENT_D,SELL,400,243.34,PRINCIPAL,INTERNAL,243.33,243.36
F-00384,2026-08-17T14:48:08.484,ORD-00368,CLIENT_D,SELL,600,243.34,AGENCY,MARKET,243.34,243.35
F-00385,2026-08-17T14:49:47.685,ORD-00377,CLIENT_B,BUY,200,243.35,AGENCY,MARKET,243.34,243.35
F-00386,2026-08-17T14:51:00.296,ORD-00378,CLIENT_B,BUY,200,243.35,AGENCY,MARKET,243.34,243.35
F-00387,2026-08-17T14:51:57.508,ORD-00379,CLIENT_C,BUY,700,243.29,AGENCY,MARKET,243.28,243.29
F-00388,2026-08-17T14:52:52.211,ORD-00380,CLIENT_B,BUY,700,243.33,PRINCIPAL,INTERNAL,243.31,243.34
F-00389,2026-08-17T14:53:38.155,ORD-00382,CLIENT_A,BUY,200,243.36,AGENCY,MARKET,243.35,243.36
F-00390,2026-08-17T14:53:46.250,ORD-00383,CLIENT_E,SELL,100,243.36,PRINCIPAL,INTERNAL,243.36,243.37
F-00391,2026-08-17T14:54:33.513,ORD-00373,CLIENT_F,SELL,600,243.41,PRINCIPAL,INTERNAL,243.41,243.42
F-00392,2026-08-17T14:54:33.513,ORD-00373,CLIENT_F,SELL,400,243.41,AGENCY,MARKET,243.41,243.42
F-00393,2026-08-17T14:55:11.986,ORD-00384,CLIENT_F,SELL,100,243.39,AGENCY,MARKET,243.39,243.40
F-00394,2026-08-17T14:55:13.237,ORD-00385,CLIENT_D,SELL,500,243.40,AGENCY,MARKET,243.40,243.41
F-00395,2026-08-17T14:55:15.662,ORD-00386,CLIENT_E,BUY,100,243.39,PRINCIPAL,INTERNAL,243.38,243.40
F-00396,2026-08-17T14:56:04.661,ORD-00374,CLIENT_H,SELL,100,243.44,PRINCIPAL,INTERNAL,243.44,243.45
F-00397,2026-08-17T14:56:04.661,ORD-00374,CLIENT_H,SELL,600,243.44,AGENCY,MARKET,243.44,243.45
F-00398,2026-08-17T14:57:58.042,ORD-00388,CLIENT_H,BUY,100,243.34,AGENCY,MARKET,243.33,243.34
F-00399,2026-08-17T14:58:59.548,ORD-00389,CLIENT_B,BUY,100,243.37,PRINCIPAL,INTERNAL,243.36,243.38
F-00400,2026-08-17T14:59:59.510,ORD-00390,CLIENT_A,SELL,100,243.37,PRINCIPAL,INTERNAL,243.36,243.39
F-00401,2026-08-17T15:01:41.610,ORD-00391,CLIENT_C,SELL,500,243.42,AGENCY,MARKET,243.42,243.43
F-00402,2026-08-17T15:03:31.926,ORD-00392,CLIENT_C,SELL,300,243.52,AGENCY,MARKET,243.52,243.53
F-00403,2026-08-17T15:04:46.427,ORD-00394,CLIENT_A,BUY,200,243.42,AGENCY,MARKET,243.41,243.42
F-00404,2026-08-17T15:05:20.954,ORD-00395,CLIENT_B,BUY,700,243.36,PRINCIPAL,INTERNAL,243.35,243.37
F-00405,2026-08-17T15:05:55.017,ORD-00397,CLIENT_A,BUY,700,243.37,AGENCY,MARKET,243.36,243.37
F-00406,2026-08-17T15:07:17.961,ORD-00399,CLIENT_F,BUY,1500,243.39,AGENCY,MARKET,243.38,243.39
F-00407,2026-08-17T15:07:18.874,ORD-00400,CLIENT_D,SELL,1000,243.38,PRINCIPAL,INTERNAL,243.37,243.39
F-00408,2026-08-17T15:07:37.306,ORD-00398,CLIENT_A,BUY,300,243.34,PRINCIPAL,INTERNAL,243.33,243.35
F-00409,2026-08-17T15:07:37.794,ORD-00398,CLIENT_A,BUY,200,243.33,PRINCIPAL,INTERNAL,243.32,243.34
F-00410,2026-08-17T15:08:13.490,ORD-00401,CLIENT_C,SELL,200,243.35,PRINCIPAL,INTERNAL,243.35,243.36
F-00411,2026-08-17T15:08:13.490,ORD-00401,CLIENT_C,SELL,1300,243.35,AGENCY,MARKET,243.35,243.36
F-00412,2026-08-17T15:08:36.629,ORD-00402,CLIENT_C,BUY,300,243.36,AGENCY,MARKET,243.35,243.36
F-00413,2026-08-17T15:09:17.830,ORD-00404,CLIENT_A,BUY,700,243.37,AGENCY,MARKET,243.36,243.37
F-00414,2026-08-17T15:10:36.734,ORD-00405,CLIENT_H,BUY,1500,243.37,AGENCY,MARKET,243.36,243.37
F-00415,2026-08-17T15:13:37.869,ORD-00410,CLIENT_C,SELL,700,243.38,PRINCIPAL,INTERNAL,243.37,243.39
F-00416,2026-08-17T15:13:46.939,ORD-00411,CLIENT_I,BUY,300,243.39,PRINCIPAL,INTERNAL,243.38,243.39
F-00417,2026-08-17T15:15:58.288,ORD-00408,CLIENT_A,SELL,100,243.50,AGENCY,MARKET,243.50,243.51
F-00418,2026-08-17T15:16:15.318,ORD-00393,CLIENT_B,SELL,100,243.53,AGENCY,MARKET,243.53,243.54
F-00419,2026-08-17T15:17:37.333,ORD-00412,CLIENT_A,BUY,400,243.43,PRINCIPAL,INTERNAL,243.42,243.43
F-00420,2026-08-17T15:17:37.333,ORD-00412,CLIENT_A,BUY,300,243.43,AGENCY,MARKET,243.42,243.43
F-00421,2026-08-17T15:18:00.025,ORD-00414,CLIENT_C,BUY,1500,243.47,PRINCIPAL,INTERNAL,243.46,243.48
F-00422,2026-08-17T15:18:02.827,ORD-00413,CLIENT_B,SELL,400,243.49,PRINCIPAL,INTERNAL,243.49,243.50
F-00423,2026-08-17T15:18:27.430,ORD-00415,CLIENT_C,SELL,200,243.52,PRINCIPAL,INTERNAL,243.52,243.53
F-00424,2026-08-17T15:19:00.651,ORD-00387,CLIENT_E,SELL,500,243.58,PRINCIPAL,INTERNAL,243.57,243.59
F-00425,2026-08-17T15:19:15.308,ORD-00416,CLIENT_C,SELL,400,243.58,PRINCIPAL,INTERNAL,243.58,243.59
F-00426,2026-08-17T15:19:15.308,ORD-00416,CLIENT_C,SELL,100,243.58,AGENCY,MARKET,243.58,243.59
F-00427,2026-08-17T15:20:19.768,ORD-00417,CLIENT_C,SELL,300,243.48,PRINCIPAL,INTERNAL,243.47,243.49
F-00428,2026-08-17T15:22:15.868,ORD-00418,CLIENT_G,SELL,5000,243.46,AGENCY,MARKET,243.46,243.47
F-00429,2026-08-17T15:23:38.193,ORD-00421,CLIENT_B,BUY,100,243.54,AGENCY,CROSS,243.52,243.54
F-00430,2026-08-17T15:23:38.193,ORD-00419,CLIENT_F,SELL,100,243.54,AGENCY,CROSS,243.52,243.54
F-00431,2026-08-17T15:23:38.193,ORD-00421,CLIENT_B,BUY,1900,243.53,PRINCIPAL,INTERNAL,243.52,243.54
F-00432,2026-08-17T15:25:29.130,ORD-00422,CLIENT_B,SELL,1000,243.50,PRINCIPAL,INTERNAL,243.49,243.51
F-00433,2026-08-17T15:25:30.804,ORD-00423,CLIENT_D,SELL,200,243.50,PRINCIPAL,INTERNAL,243.49,243.51
F-00434,2026-08-17T15:25:34.886,ORD-00424,CLIENT_A,SELL,400,243.49,PRINCIPAL,INTERNAL,243.49,243.50
F-00435,2026-08-17T15:25:34.886,ORD-00424,CLIENT_A,SELL,4600,243.49,AGENCY,MARKET,243.49,243.50
F-00436,2026-08-17T15:25:41.426,ORD-00426,CLIENT_A,BUY,5000,243.49,AGENCY,MARKET,243.48,243.49
F-00437,2026-08-17T15:25:43.195,ORD-00425,CLIENT_C,SELL,100,243.50,AGENCY,MARKET,243.50,243.51
F-00438,2026-08-17T15:26:03.744,ORD-00427,CLIENT_E,SELL,400,243.51,AGENCY,MARKET,243.51,243.52
F-00439,2026-08-17T15:26:21.811,ORD-00428,CLIENT_J,BUY,400,243.50,AGENCY,MARKET,243.49,243.50
F-00440,2026-08-17T15:29:10.358,ORD-00429,CLIENT_A,SELL,2000,243.47,AGENCY,MARKET,243.47,243.48
F-00441,2026-08-17T15:29:55.104,ORD-00430,CLIENT_F,SELL,400,243.51,PRINCIPAL,INTERNAL,243.50,243.52
F-00442,2026-08-17T15:30:28.064,ORD-00431,CLIENT_G,BUY,200,243.46,PRINCIPAL,INTERNAL,243.45,243.47
F-00443,2026-08-17T15:30:37.192,ORD-00432,CLIENT_A,BUY,200,243.48,PRINCIPAL,INTERNAL,243.47,243.48
F-00444,2026-08-17T15:30:37.192,ORD-00432,CLIENT_A,BUY,500,243.48,AGENCY,MARKET,243.47,243.48
F-00445,2026-08-17T15:31:12.944,ORD-00433,CLIENT_E,BUY,400,243.50,AGENCY,MARKET,243.49,243.50
F-00446,2026-08-17T15:31:40.995,ORD-00434,CLIENT_D,SELL,200,243.64,AGENCY,MARKET,243.64,243.65
F-00447,2026-08-17T15:31:45.073,ORD-00435,CLIENT_A,BUY,400,243.68,AGENCY,MARKET,243.67,243.68
F-00448,2026-08-17T15:32:48.948,ORD-00436,CLIENT_A,BUY,100,243.77,PRINCIPAL,INTERNAL,243.76,243.78
F-00449,2026-08-17T15:33:15.081,ORD-00437,CLIENT_A,SELL,100,243.84,PRINCIPAL,INTERNAL,243.83,243.85
F-00450,2026-08-17T15:34:20.098,ORD-00438,CLIENT_H,SELL,3000,243.66,PRINCIPAL,INTERNAL,243.65,243.67
F-00451,2026-08-17T15:34:46.777,ORD-00439,CLIENT_F,BUY,3000,243.70,PRINCIPAL,INTERNAL,243.69,243.70
F-00452,2026-08-17T15:34:46.777,ORD-00439,CLIENT_F,BUY,2000,243.70,AGENCY,MARKET,243.69,243.70
F-00453,2026-08-17T15:35:28.182,ORD-00440,CLIENT_A,BUY,400,243.73,PRINCIPAL,INTERNAL,243.72,243.74
F-00454,2026-08-17T15:36:01.769,ORD-00441,CLIENT_E,BUY,200,243.77,PRINCIPAL,INTERNAL,243.76,243.78
F-00455,2026-08-17T15:36:06.547,ORD-00442,CLIENT_B,SELL,200,243.75,PRINCIPAL,INTERNAL,243.74,243.76
F-00456,2026-08-17T15:36:10.049,ORD-00443,CLIENT_B,SELL,200,243.76,PRINCIPAL,INTERNAL,243.75,243.77
F-00457,2026-08-17T15:36:20.036,ORD-00444,CLIENT_F,BUY,500,243.80,PRINCIPAL,INTERNAL,243.78,243.81
F-00458,2026-08-17T15:36:31.049,ORD-00445,CLIENT_F,SELL,200,243.80,PRINCIPAL,INTERNAL,243.80,243.81
F-00459,2026-08-17T15:36:55.598,ORD-00437,CLIENT_A,SELL,200,243.84,PRINCIPAL,INTERNAL,243.83,243.85
F-00460,2026-08-17T15:37:25.374,ORD-00446,CLIENT_E,SELL,200,243.85,PRINCIPAL,INTERNAL,243.84,243.86
F-00461,2026-08-17T15:38:19.136,ORD-00448,CLIENT_F,BUY,300,243.86,AGENCY,MARKET,243.85,243.86
F-00462,2026-08-17T15:38:26.694,ORD-00449,CLIENT_B,SELL,100,243.89,PRINCIPAL,INTERNAL,243.89,243.90
F-00463,2026-08-17T15:38:26.694,ORD-00449,CLIENT_B,SELL,300,243.89,AGENCY,MARKET,243.89,243.90
F-00464,2026-08-17T15:38:28.478,ORD-00447,CLIENT_A,SELL,1500,243.93,AGENCY,MARKET,243.93,243.94
F-00465,2026-08-17T15:38:36.975,ORD-00450,CLIENT_G,SELL,500,243.94,AGENCY,MARKET,243.94,243.95
F-00466,2026-08-17T15:38:54.010,ORD-00451,CLIENT_A,BUY,200,243.96,AGENCY,MARKET,243.95,243.96
F-00467,2026-08-17T15:39:46.832,ORD-00452,CLIENT_A,BUY,1000,243.93,AGENCY,MARKET,243.92,243.93
F-00468,2026-08-17T15:40:30.578,ORD-00453,CLIENT_I,SELL,1000,243.85,AGENCY,MARKET,243.85,243.86
F-00469,2026-08-17T15:41:39.001,ORD-00454,CLIENT_F,SELL,300,243.83,AGENCY,MARKET,243.83,243.84
F-00470,2026-08-17T15:41:39.932,ORD-00455,CLIENT_B,SELL,1500,243.82,AGENCY,MARKET,243.82,243.83
F-00471,2026-08-17T15:41:45.298,ORD-00456,CLIENT_F,SELL,400,243.83,PRINCIPAL,INTERNAL,243.82,243.85
F-00472,2026-08-17T15:42:23.640,ORD-00457,CLIENT_D,BUY,400,243.89,PRINCIPAL,INTERNAL,243.88,243.89
F-00473,2026-08-17T15:42:23.640,ORD-00457,CLIENT_D,BUY,4600,243.89,AGENCY,MARKET,243.88,243.89
F-00474,2026-08-17T15:42:25.093,ORD-00458,CLIENT_J,BUY,100,243.90,PRINCIPAL,INTERNAL,243.89,243.91
F-00475,2026-08-17T15:42:25.905,ORD-00459,CLIENT_F,SELL,700,243.90,PRINCIPAL,INTERNAL,243.89,243.91
F-00476,2026-08-17T15:42:34.519,ORD-00460,CLIENT_I,SELL,200,243.82,AGENCY,MARKET,243.82,243.83
F-00477,2026-08-17T15:42:43.270,ORD-00461,CLIENT_B,BUY,200,243.76,PRINCIPAL,INTERNAL,243.74,243.77
F-00478,2026-08-17T15:42:51.152,ORD-00462,CLIENT_F,SELL,400,243.77,AGENCY,MARKET,243.77,243.78
F-00479,2026-08-17T15:42:51.713,ORD-00463,CLIENT_B,SELL,100,243.77,PRINCIPAL,INTERNAL,243.76,243.78
F-00480,2026-08-17T15:43:45.135,ORD-00464,CLIENT_G,SELL,100,243.81,PRINCIPAL,INTERNAL,243.80,243.83
F-00481,2026-08-17T15:43:56.778,ORD-00465,CLIENT_A,BUY,100,243.85,PRINCIPAL,INTERNAL,243.84,243.85
F-00482,2026-08-17T15:44:02.079,ORD-00466,CLIENT_E,SELL,500,243.79,AGENCY,MARKET,243.79,243.80
F-00483,2026-08-17T15:44:21.043,ORD-00467,CLIENT_E,BUY,500,243.86,PRINCIPAL,INTERNAL,243.85,243.86
F-00484,2026-08-17T15:44:21.043,ORD-00467,CLIENT_E,BUY,1500,243.86,AGENCY,MARKET,243.85,243.86
F-00485,2026-08-17T15:44:50.675,ORD-00468,CLIENT_H,BUY,1500,243.80,PRINCIPAL,INTERNAL,243.79,243.81
F-00486,2026-08-17T15:45:05.648,ORD-00469,CLIENT_D,SELL,100,243.81,PRINCIPAL,INTERNAL,243.80,243.82
F-00487,2026-08-17T15:46:08.051,ORD-00470,CLIENT_A,BUY,300,243.85,PRINCIPAL,INTERNAL,243.84,243.86
F-00488,2026-08-17T15:48:13.271,ORD-00471,CLIENT_A,BUY,700,244.02,AGENCY,MARKET,244.01,244.02
F-00489,2026-08-17T15:48:22.670,ORD-00472,CLIENT_A,BUY,700,244.03,PRINCIPAL,INTERNAL,244.01,244.04
F-00490,2026-08-17T15:48:27.557,ORD-00473,CLIENT_E,SELL,500,244.02,PRINCIPAL,INTERNAL,244.01,244.04
F-00491,2026-08-17T15:50:07.192,ORD-00474,CLIENT_G,SELL,700,244.08,PRINCIPAL,INTERNAL,244.07,244.09
F-00492,2026-08-17T15:51:26.488,ORD-00476,CLIENT_C,SELL,1200,244.13,PRINCIPAL,INTERNAL,244.13,244.14
F-00493,2026-08-17T15:51:26.488,ORD-00476,CLIENT_C,SELL,300,244.13,AGENCY,MARKET,244.13,244.14
F-00494,2026-08-17T15:51:43.301,ORD-00478,CLIENT_B,SELL,1000,244.20,PRINCIPAL,INTERNAL,244.19,244.22
F-00495,2026-08-17T15:52:02.808,ORD-00479,CLIENT_G,BUY,1000,244.19,PRINCIPAL,INTERNAL,244.18,244.19
F-00496,2026-08-17T15:52:02.808,ORD-00479,CLIENT_G,BUY,1000,244.19,AGENCY,MARKET,244.18,244.19
F-00497,2026-08-17T15:52:06.161,ORD-00480,CLIENT_H,SELL,2000,244.18,AGENCY,MARKET,244.18,244.19
F-00498,2026-08-17T15:52:20.883,ORD-00481,CLIENT_A,SELL,2000,244.17,PRINCIPAL,INTERNAL,244.16,244.18
F-00499,2026-08-17T15:53:43.358,ORD-00482,CLIENT_C,SELL,2000,244.19,PRINCIPAL,INTERNAL,244.18,244.20
F-00500,2026-08-17T15:54:22.384,ORD-00483,CLIENT_D,SELL,200,244.12,AGENCY,MARKET,244.12,244.13
F-00501,2026-08-17T15:54:35.577,ORD-00484,CLIENT_D,BUY,400,244.11,PRINCIPAL,INTERNAL,244.09,244.12
F-00502,2026-08-17T15:55:10.393,ORD-00485,CLIENT_D,SELL,1000,244.13,AGENCY,MARKET,244.13,244.15
F-00503,2026-08-17T15:55:17.364,ORD-00487,CLIENT_B,SELL,200,244.18,AGENCY,MARKET,244.18,244.19
F-00504,2026-08-17T15:55:17.844,ORD-00488,CLIENT_D,SELL,700,244.17,AGENCY,MARKET,244.17,244.19
F-00505,2026-08-17T15:55:34.482,ORD-00490,CLIENT_J,BUY,500,244.13,PRINCIPAL,INTERNAL,244.12,244.14
F-00506,2026-08-17T15:55:47.385,ORD-00491,CLIENT_C,BUY,200,244.12,PRINCIPAL,INTERNAL,244.11,244.13
F-00507,2026-08-17T15:56:29.657,ORD-00492,CLIENT_A,BUY,700,244.11,PRINCIPAL,INTERNAL,244.10,244.11
F-00508,2026-08-17T15:56:39.970,ORD-00493,CLIENT_I,BUY,1500,244.11,PRINCIPAL,INTERNAL,244.10,244.12
F-00509,2026-08-17T15:56:47.300,ORD-00494,CLIENT_B,BUY,700,244.13,PRINCIPAL,INTERNAL,244.12,244.13
F-00510,2026-08-17T15:57:11.944,ORD-00495,CLIENT_H,SELL,700,244.17,AGENCY,MARKET,244.17,244.19
F-00511,2026-08-17T15:57:15.900,ORD-00496,CLIENT_A,SELL,500,244.18,AGENCY,MARKET,244.18,244.20
F-00512,2026-08-17T15:57:30.194,ORD-00489,CLIENT_D,SELL,700,244.21,AGENCY,MARKET,244.21,244.22
F-00513,2026-08-17T15:57:30.194,ORD-00497,CLIENT_A,SELL,400,244.21,AGENCY,MARKET,244.21,244.22
F-00514,2026-08-17T15:59:10.416,ORD-00499,CLIENT_B,BUY,1500,244.16,AGENCY,MARKET,244.15,244.16
F-00515,2026-08-17T15:59:16.703,ORD-00500,CLIENT_B,BUY,200,244.18,AGENCY,MARKET,244.17,244.18
